{"cameraMode":{"drawMode":0,"name":"Shaded","section":"Shading Mode"},"sceneLighting":true,"audioPlay":false,"sceneViewState":{"m_AlwaysRefresh":false,"showFog":true,"showSkybox":true,"showFlares":true,"showImageEffects":true,"showParticleSystems":true,"showVisualEffectGraphs":true,"m_FxEnabled":true},"in2DMode":false,"pivot":{"x":850.9879760742188,"y":285.5715026855469,"z":-34.87758255004883},"rotation":{"x":-0.016188111156225206,"y":0.013493446633219719,"z":0.00021856243256479502,"w":0.9997794032096863},"size":510.86627197265627,"orthographic":false}